sentiment,avg_daily_pnl,median_daily_pnl,avg_win_rate,total_pnl,trader_days,pnl_std,pct_negative_days,max_drawdown
Fear,209372.6622,81389.6825,0.4159,6699925.1906,32,380423.9069,0.0625,-59349.677108
Greed,78340.5423,16102.5686,0.3498,3525324.4052,45,242178.0352,0.15555555555555556,-327505.900056
